user_input,retrieved_contexts,response,reference,context_recall,llm_context_precision_with_reference,faithfulness,answer_relevancy,factual_correctness(mode=f1),semantic_similarity,mrr
How does function exporting differ between Gleam and Python?,"['Gleam for Python users\nHello productive pragmatic Pythonistas!\n\na soft wavey boundary between two sections of the website\nComments\nVariables\nMatch operator\nVariables type annotations\nFunctions\nExporting functions\nFunction type annotations\nReferencing functions\nLabelled arguments\nOperators\nConstants\nBlocks\nData types\nStrings\nTuples\nLists\nDicts\nFlow control\nCase\nTry\nType aliases\nCustom types\nRecords\nUnions\nOpaque custom types\nModules\nImports\nNamed imports\nUnqualified imports\nComments\nPython\nIn Python, comments are written with a # prefix.\n\n# Hello, Joe!\nA docstring (matching “””) that occurs as the first statement in a module, function, class, or method definition will become the __doc__ attribute of that object.\n\ndef a_function():\n    """"""Return some important data.""""""\n    pass\nGleam\nIn Gleam, comments are written with a // prefix.\n\n// Hello, Joe!\nComments starting with /// are used to document the following statement. Comments starting with //// are used to document the current module.', '// inside module src/nasa/moon_base.gleam\n// imports module src/nasa/rocket_ship.gleam\nimport nasa/rocket_ship\n\npub fn explore_space() {\n  rocket_ship.launch()\n}\nNamed imports\nPython\nimport unix.cat as kitty\nGleam\nimport unix/cat as kitty\nUnqualified imports\nPython\nfrom animal.cat import Cat, stroke\n\ndef main():\n    kitty = Cat(name=""Nubi"")\n    stroke(kitty)\nGleam\nimport animal/cat.{Cat, stroke}\n\npub fn main() {\n  let kitty = Cat(name: ""Nubi"")\n  stroke(kitty)\n}', 'Python\nPython uses the notion of exceptions to interrupt the current code flow and pop up the error to the caller.\n\nAn exception is raised using the keyword raise.\n\ndef a_function_that_fails():\n    raise Exception(""an error"")\nThe callee block will be able to capture any exception raised in the block using a try/except set of blocks:\n\ntry:\n    print(""executed"")\n    a_function_that_fails()\n    print(""not_executed"")\nexcept Exception as e:\n    print(""doing something with the exception"", e)\n\nGleam\nIn contrast in Gleam, errors are just containers with an associated value.\n\nA common container to model an operation result is Result(ReturnType, ErrorType).\n\nA Result is either:\n\nan Error(ErrorValue)\nor an Ok(Data) record\nHandling errors actually means to match the return value against those two scenarios, using a case for instance:', 'pub fn sum(x, y) {\n  x + y\n}\n\nlet mul = fn(x, y) { x * y }\nmul(1, 2)\nExporting functions\nPython\nIn Python, top level functions are exported by default. There is no notion of private module-level functions.\n\nGleam\nIn Gleam, functions are private by default and need the pub keyword to be public.\n\n// this is public\npub fn sum(x, y) {\n  x + y\n}\n\n// this is private\nfn mul(x, y) {\n  x * y\n}\nFunction type annotations\nPython\nType hints can be used to optionally annotate function arguments and return types.\n\nDiscrepancies between type hints and actual values at runtime do not prevent interpretation of the code.\n\nStatic code analysers (IDE tooling, type checkers like mypy) will be required to detect those errors.\n\ndef sum(x: int, y: int) -> int:\n    return x + y', 'Operators\nOperator\tPython\tGleam\tNotes\nEqual\t==\t==\tIn Gleam both values must be of the same type\nStrictly equal to\t==\t==\tComparison in Gleam is always strict. (see note for Python)\nReference equality\tis\t \tTrue only if the two objects have the same reference\nNot equal\t!=\t!=\tIn Gleam both values must be of the same type\nGreater than\t>\t>\tIn Gleam both values must be ints\nGreater than\t>\t>.\tIn Gleam both values must be floats\nGreater or equal\t>=\t>=\tIn Gleam both values must be ints\nGreater or equal\t>=\t>=.\tIn Gleam both values must be floats\nLess than\t<\t<\tIn Gleam both values must be ints\nLess than\t<\t<.\tIn Gleam both values must be floats\nLess or equal\t<=\t<=\tIn Gleam both values must be ints\nLess or equal\t<=\t<=.\tIn Gleam both values must be floats\nBoolean and\tand\t&&\tIn Gleam both values must be bools\nLogical and\tand\t \tNot available in Gleam\nBoolean or\tor\t||\tIn Gleam both values must be bools\nLogical or\tor\t \tNot available in Gleam\nAdd\t+\t+\tIn Gleam both values must be ints']","In Python, top-level functions are exported by default. In Gleam, functions are private by default and need the `pub` keyword to be public. This means that in Gleam, functions are only accessible outside the module if they are explicitly marked as public.","In Python, top level functions are exported by default. There is no notion of private module-level functions. In Gleam, functions are private by default and need the pub keyword to be public.",,0.249999999975,,0.913392261954127,,0.9359607183598824,1.0
What is the syntax for pipe,"['Gleam for Python users\nHello productive pragmatic Pythonistas!\n\na soft wavey boundary between two sections of the website\nComments\nVariables\nMatch operator\nVariables type annotations\nFunctions\nExporting functions\nFunction type annotations\nReferencing functions\nLabelled arguments\nOperators\nConstants\nBlocks\nData types\nStrings\nTuples\nLists\nDicts\nFlow control\nCase\nTry\nType aliases\nCustom types\nRecords\nUnions\nOpaque custom types\nModules\nImports\nNamed imports\nUnqualified imports\nComments\nPython\nIn Python, comments are written with a # prefix.\n\n# Hello, Joe!\nA docstring (matching “””) that occurs as the first statement in a module, function, class, or method definition will become the __doc__ attribute of that object.\n\ndef a_function():\n    """"""Return some important data.""""""\n    pass\nGleam\nIn Gleam, comments are written with a // prefix.\n\n// Hello, Joe!\nComments starting with /// are used to document the following statement. Comments starting with //// are used to document the current module.', 'case some_number {\n  0 -> ""Zero""\n  1 -> ""One""\n  2 -> ""Two""\n  n -> ""Some other number"" // This matches anything\n}\nThe case operator especially coupled with destructuring to provide native pattern matching:\n\ncase xs {\n  [] -> ""This list is empty""\n  [a] -> ""This list has 1 element""\n  [a, b] -> ""This list has 2 elements""\n  _other -> ""This list has more than 2 elements""\n}\nThe case operator supports guards:\n\ncase xs {\n  [a, b, c] if a >. b && a <=. c -> ""ok""\n  _other -> ""ko""\n}\nand disjoint union matching:\n\ncase number {\n  2 | 4 | 6 | 8 -> ""This is an even number""\n  1 | 3 | 5 | 7 -> ""This is an odd number""\n  _ -> ""I\'m not sure""\n}\nTry\nError management is approached differently in Python and Gleam.\n\nPython\nPython uses the notion of exceptions to interrupt the current code flow and pop up the error to the caller.\n\nAn exception is raised using the keyword raise.', '// inside module src/nasa/moon_base.gleam\n// imports module src/nasa/rocket_ship.gleam\nimport nasa/rocket_ship\n\npub fn explore_space() {\n  rocket_ship.launch()\n}\nNamed imports\nPython\nimport unix.cat as kitty\nGleam\nimport unix/cat as kitty\nUnqualified imports\nPython\nfrom animal.cat import Cat, stroke\n\ndef main():\n    kitty = Cat(name=""Nubi"")\n    stroke(kitty)\nGleam\nimport animal/cat.{Cat, stroke}\n\npub fn main() {\n  let kitty = Cat(name: ""Nubi"")\n  stroke(kitty)\n}', 'Logical and\tand\t \tNot available in Gleam\nBoolean or\tor\t||\tIn Gleam both values must be bools\nLogical or\tor\t \tNot available in Gleam\nAdd\t+\t+\tIn Gleam both values must be ints\nAdd\t+\t+.\tIn Gleam both values must be floats\nSubtract\t-\t-\tIn Gleam both values must be ints\nSubtract\t-\t-.\tIn Gleam both values must be floats\nMultiply\t*\t*\tIn Gleam both values must be ints\nMultiply\t*\t*.\tIn Gleam both values must be floats\nDivide\t/\t/\tIn Gleam both values must be ints\nDivide\t/\t/.\tIn Gleam both values must be floats\nRemainder\t%\t%\tIn Gleam both values must be ints, in Gleam negative values behave differently: Use int.modulo to mimick Python’s behavior.\nConcatenate\t+\t<>\tIn Gleam both values must be strings\nPipe\t \t|>\tGleam’s pipe can pipe into anonymous functions. This operator does not exist in python\nSome notes for Python:', 'A Result is either:\n\nan Error(ErrorValue)\nor an Ok(Data) record\nHandling errors actually means to match the return value against those two scenarios, using a case for instance:\n\ncase int.parse(""123"") {\n  Error(e) -> io.println(""That wasn\'t an Int"")\n  Ok(i) -> io.println(""We parsed the Int"")\n}\nIn order to simplify this construct, we can use the use expression with the try function from the gleam/result module.\n\nbind a value to the providing name if Ok(Something) is matched\ninterrupt the flow and return Error(Something)\nlet a_number = ""1""\nlet an_error = ""ouch""\nlet another_number = ""3""\n\nuse int_a_number <- try(parse_int(a_number))\nuse attempt_int <- try(parse_int(an_error)) // Error will be returned\nuse int_another_number <- try(parse_int(another_number)) // never gets executed']","In Gleam, the pipe syntax is `|>`, and it can pipe into anonymous functions. This operator does not exist in Python.",The operator for Pipe in Gleam is '|>'.,1.0,0.249999999975,,0.6417350532197782,0.0,0.8573631312550438,1.0
What data structures does Gleam natively support?,"['from typing import NamedTuple\n\nclass Person(NamedTuple):\n    name: str\n    age: int\n\nperson = Person(name=""Jake"", age=20)\nname = person.name\n\n# cannot reassign a value\nperson.name = ""John""  # error\nGleam\nGleam’s custom types can be used in much the same way that structs are used in Elixir. At runtime, they have a tuple representation and are compatible with Erlang records.\n\ntype Person {\n  Person(name: String, age: Int)\n}\n\nlet person = Person(name: ""Jake"", age: 35)\nlet name = person.name\nAn important difference to note is there is no OOP in Gleam. Methods can not be added to types.\n\nUnions\nIn Python unions can be declared with the | operator.\n\nIn Gleam functions must always take and receive one type. To have a union of two different types they must be wrapped in a new custom type.', '// inside module src/nasa/moon_base.gleam\n// imports module src/nasa/rocket_ship.gleam\nimport nasa/rocket_ship\n\npub fn explore_space() {\n  rocket_ship.launch()\n}\nNamed imports\nPython\nimport unix.cat as kitty\nGleam\nimport unix/cat as kitty\nUnqualified imports\nPython\nfrom animal.cat import Cat, stroke\n\ndef main():\n    kitty = Cat(name=""Nubi"")\n    stroke(kitty)\nGleam\nimport animal/cat.{Cat, stroke}\n\npub fn main() {\n  let kitty = Cat(name: ""Nubi"")\n  stroke(kitty)\n}', 'Python\nPython uses the notion of exceptions to interrupt the current code flow and pop up the error to the caller.\n\nAn exception is raised using the keyword raise.\n\ndef a_function_that_fails():\n    raise Exception(""an error"")\nThe callee block will be able to capture any exception raised in the block using a try/except set of blocks:\n\ntry:\n    print(""executed"")\n    a_function_that_fails()\n    print(""not_executed"")\nexcept Exception as e:\n    print(""doing something with the exception"", e)\n\nGleam\nIn contrast in Gleam, errors are just containers with an associated value.\n\nA common container to model an operation result is Result(ReturnType, ErrorType).\n\nA Result is either:\n\nan Error(ErrorValue)\nor an Ok(Data) record\nHandling errors actually means to match the return value against those two scenarios, using a case for instance:', 'When calling a function, arguments can be passed\n\npositionally, in the same order of the function declaration\nby name, in any order\ndef replace(inside: str, each: str, with_string: str):\n    pass\n\n# equivalent calls\nreplace(\'hello world\', \'world\', \'you\')\nreplace(each=\'world\', inside=\'hello world\',  with_string=\'you\')\nGleam\nIn Gleam arguments can be given a label as well as an internal name. Contrary to Python, the name used at the call-site does not have to match the name used for the variable inside the function.\n\npub fn replace(inside string, each pattern, with replacement) {\n  go(string, pattern, replacement)\n}\nreplace(each: "","", with: "" "", inside: ""A,B,C"")\nThere is no performance cost to Gleam’s labelled arguments as they are optimised to regular function calls at compile time, and all the arguments are fully type checked.', 'Python\n{""key1"": ""value1"", ""key2"": ""value2""}\n{""key1"":  ""1"", ""key2"": 2}\nGleam\nimport gleam/dict\n\ndict.from_list([#(""key1"", ""value1""), #(""key2"", ""value2"")])\ndict.from_list([#(""key1"", ""value1""), #(""key2"", 2)]) // Type error!\nFlow control\nCase\nCase is one of the most used control flows in Gleam. It can be seen as a switch statement on steroids. It provides a terse way to match a value type to an expression. Gleam’s case expression is fairly similar to Python’s match statement.\n\nPython\nMatching on primitive types:\n\ndef http_error(status):\n    match status:\n        case 400:\n            return ""Bad request""\n        case 404:\n            return ""Not found""\n        case 418:\n            return ""I\'m a teapot""\nMatching on tuples with variable capturing:']","Gleam natively supports custom types, similar to structs in Elixir, and tuples. It also has a dict module for dictionary-like data structures, but they are created from lists of key-value pairs.","Gleam supports strings, tuples, lists, and dictionaries.",1.0,,,0.9409598622444628,0.0,0.8459052476409824,0.0
What things will cause a compilation error in Gleam?,"['from typing import NamedTuple\n\nclass Person(NamedTuple):\n    name: str\n    age: int\n\nperson = Person(name=""Jake"", age=20)\nname = person.name\n\n# cannot reassign a value\nperson.name = ""John""  # error\nGleam\nGleam’s custom types can be used in much the same way that structs are used in Elixir. At runtime, they have a tuple representation and are compatible with Erlang records.\n\ntype Person {\n  Person(name: String, age: Int)\n}\n\nlet person = Person(name: ""Jake"", age: 35)\nlet name = person.name\nAn important difference to note is there is no OOP in Gleam. Methods can not be added to types.\n\nUnions\nIn Python unions can be declared with the | operator.\n\nIn Gleam functions must always take and receive one type. To have a union of two different types they must be wrapped in a new custom type.', 'Gleam\nGleam’s file is a module and named by the file name (and its directory path). Since there is no special syntax to create a module, there can be only one module in a file.\n\n// in file foo.gleam\npub fn identity(x) {\n  x\n}\n// in file main.gleam\nimport foo // if foo was in a folder called `lib` the import would be `lib/foo`\npub fn main() {\n  foo.identity(1)\n}\nImports\nPython\n# inside module src/nasa/moon_base.py\n# imports module src/nasa/rocket_ship.py\nfrom nasa import rocket_ship\n\ndef explore_space():\n    rocket_ship.launch()\nGleam\nImports are relative to the root src folder.\n\nModules in the same directory will need to reference the entire path from src for the target module, even if the target module is in the same folder.\n\n// inside module src/nasa/moon_base.gleam\n// imports module src/nasa/rocket_ship.gleam\nimport nasa/rocket_ship', 'A Result is either:\n\nan Error(ErrorValue)\nor an Ok(Data) record\nHandling errors actually means to match the return value against those two scenarios, using a case for instance:\n\ncase int.parse(""123"") {\n  Error(e) -> io.println(""That wasn\'t an Int"")\n  Ok(i) -> io.println(""We parsed the Int"")\n}\nIn order to simplify this construct, we can use the use expression with the try function from the gleam/result module.\n\nbind a value to the providing name if Ok(Something) is matched\ninterrupt the flow and return Error(Something)\nlet a_number = ""1""\nlet an_error = ""ouch""\nlet another_number = ""3""\n\nuse int_a_number <- try(parse_int(a_number))\nuse attempt_int <- try(parse_int(an_error)) // Error will be returned\nuse int_another_number <- try(parse_int(another_number)) // never gets executed', 'Operators\nOperator\tPython\tGleam\tNotes\nEqual\t==\t==\tIn Gleam both values must be of the same type\nStrictly equal to\t==\t==\tComparison in Gleam is always strict. (see note for Python)\nReference equality\tis\t \tTrue only if the two objects have the same reference\nNot equal\t!=\t!=\tIn Gleam both values must be of the same type\nGreater than\t>\t>\tIn Gleam both values must be ints\nGreater than\t>\t>.\tIn Gleam both values must be floats\nGreater or equal\t>=\t>=\tIn Gleam both values must be ints\nGreater or equal\t>=\t>=.\tIn Gleam both values must be floats\nLess than\t<\t<\tIn Gleam both values must be ints\nLess than\t<\t<.\tIn Gleam both values must be floats\nLess or equal\t<=\t<=\tIn Gleam both values must be ints\nLess or equal\t<=\t<=.\tIn Gleam both values must be floats\nBoolean and\tand\t&&\tIn Gleam both values must be bools\nLogical and\tand\t \tNot available in Gleam\nBoolean or\tor\t||\tIn Gleam both values must be bools\nLogical or\tor\t \tNot available in Gleam\nAdd\t+\t+\tIn Gleam both values must be ints', 'When calling a function, arguments can be passed\n\npositionally, in the same order of the function declaration\nby name, in any order\ndef replace(inside: str, each: str, with_string: str):\n    pass\n\n# equivalent calls\nreplace(\'hello world\', \'world\', \'you\')\nreplace(each=\'world\', inside=\'hello world\',  with_string=\'you\')\nGleam\nIn Gleam arguments can be given a label as well as an internal name. Contrary to Python, the name used at the call-site does not have to match the name used for the variable inside the function.\n\npub fn replace(inside string, each pattern, with replacement) {\n  go(string, pattern, replacement)\n}\nreplace(each: "","", with: "" "", inside: ""A,B,C"")\nThere is no performance cost to Gleam’s labelled arguments as they are optimised to regular function calls at compile time, and all the arguments are fully type checked.']","In Gleam, attempting to reassign a value to a field of a custom type will cause a compilation error, as seen with `person.name = ""John""`. Additionally, trying to add methods to types will also cause an error, as Gleam does not support object-oriented programming.","In Gleam, let and = can be used for pattern matching, but you’ll get compile errors if there’s a type mismatch. Functions can optionally have their argument and return types annotated in Gleam. These type annotations will always be checked by the compiler and throw a compilation error if not valid.

The following code will also throw a compilation error:
let list = [2, 3, 4]
let list = [1, ..list]
let [1, second_element, ..] = list
[1.0, ..list] // compile error, type mismatch",,,1.0,0.730387716643227,0.0,0.5479502586191964,1.0
What does the ++ operator do in Gleam?,"['Logical and\tand\t \tNot available in Gleam\nBoolean or\tor\t||\tIn Gleam both values must be bools\nLogical or\tor\t \tNot available in Gleam\nAdd\t+\t+\tIn Gleam both values must be ints\nAdd\t+\t+.\tIn Gleam both values must be floats\nSubtract\t-\t-\tIn Gleam both values must be ints\nSubtract\t-\t-.\tIn Gleam both values must be floats\nMultiply\t*\t*\tIn Gleam both values must be ints\nMultiply\t*\t*.\tIn Gleam both values must be floats\nDivide\t/\t/\tIn Gleam both values must be ints\nDivide\t/\t/.\tIn Gleam both values must be floats\nRemainder\t%\t%\tIn Gleam both values must be ints, in Gleam negative values behave differently: Use int.modulo to mimick Python’s behavior.\nConcatenate\t+\t<>\tIn Gleam both values must be strings\nPipe\t \t|>\tGleam’s pipe can pipe into anonymous functions. This operator does not exist in python\nSome notes for Python:', 'from typing import NamedTuple\n\nclass Person(NamedTuple):\n    name: str\n    age: int\n\nperson = Person(name=""Jake"", age=20)\nname = person.name\n\n# cannot reassign a value\nperson.name = ""John""  # error\nGleam\nGleam’s custom types can be used in much the same way that structs are used in Elixir. At runtime, they have a tuple representation and are compatible with Erlang records.\n\ntype Person {\n  Person(name: String, age: Int)\n}\n\nlet person = Person(name: ""Jake"", age: 35)\nlet name = person.name\nAn important difference to note is there is no OOP in Gleam. Methods can not be added to types.\n\nUnions\nIn Python unions can be declared with the | operator.\n\nIn Gleam functions must always take and receive one type. To have a union of two different types they must be wrapped in a new custom type.', 'A Result is either:\n\nan Error(ErrorValue)\nor an Ok(Data) record\nHandling errors actually means to match the return value against those two scenarios, using a case for instance:\n\ncase int.parse(""123"") {\n  Error(e) -> io.println(""That wasn\'t an Int"")\n  Ok(i) -> io.println(""We parsed the Int"")\n}\nIn order to simplify this construct, we can use the use expression with the try function from the gleam/result module.\n\nbind a value to the providing name if Ok(Something) is matched\ninterrupt the flow and return Error(Something)\nlet a_number = ""1""\nlet an_error = ""ouch""\nlet another_number = ""3""\n\nuse int_a_number <- try(parse_int(a_number))\nuse attempt_int <- try(parse_int(an_error)) // Error will be returned\nuse int_another_number <- try(parse_int(another_number)) // never gets executed', '// inside module src/nasa/moon_base.gleam\n// imports module src/nasa/rocket_ship.gleam\nimport nasa/rocket_ship\n\npub fn explore_space() {\n  rocket_ship.launch()\n}\nNamed imports\nPython\nimport unix.cat as kitty\nGleam\nimport unix/cat as kitty\nUnqualified imports\nPython\nfrom animal.cat import Cat, stroke\n\ndef main():\n    kitty = Cat(name=""Nubi"")\n    stroke(kitty)\nGleam\nimport animal/cat.{Cat, stroke}\n\npub fn main() {\n  let kitty = Cat(name: ""Nubi"")\n  stroke(kitty)\n}', 'When calling a function, arguments can be passed\n\npositionally, in the same order of the function declaration\nby name, in any order\ndef replace(inside: str, each: str, with_string: str):\n    pass\n\n# equivalent calls\nreplace(\'hello world\', \'world\', \'you\')\nreplace(each=\'world\', inside=\'hello world\',  with_string=\'you\')\nGleam\nIn Gleam arguments can be given a label as well as an internal name. Contrary to Python, the name used at the call-site does not have to match the name used for the variable inside the function.\n\npub fn replace(inside string, each pattern, with replacement) {\n  go(string, pattern, replacement)\n}\nreplace(each: "","", with: "" "", inside: ""A,B,C"")\nThere is no performance cost to Gleam’s labelled arguments as they are optimised to regular function calls at compile time, and all the arguments are fully type checked.']",I don't know.,I don't know.,,0.49999999995,0.0,,1.0,1.0,
How do sets in Python compare to sets in Gleam?,"['Operators\nOperator\tPython\tGleam\tNotes\nEqual\t==\t==\tIn Gleam both values must be of the same type\nStrictly equal to\t==\t==\tComparison in Gleam is always strict. (see note for Python)\nReference equality\tis\t \tTrue only if the two objects have the same reference\nNot equal\t!=\t!=\tIn Gleam both values must be of the same type\nGreater than\t>\t>\tIn Gleam both values must be ints\nGreater than\t>\t>.\tIn Gleam both values must be floats\nGreater or equal\t>=\t>=\tIn Gleam both values must be ints\nGreater or equal\t>=\t>=.\tIn Gleam both values must be floats\nLess than\t<\t<\tIn Gleam both values must be ints\nLess than\t<\t<.\tIn Gleam both values must be floats\nLess or equal\t<=\t<=\tIn Gleam both values must be ints\nLess or equal\t<=\t<=.\tIn Gleam both values must be floats\nBoolean and\tand\t&&\tIn Gleam both values must be bools\nLogical and\tand\t \tNot available in Gleam\nBoolean or\tor\t||\tIn Gleam both values must be bools\nLogical or\tor\t \tNot available in Gleam\nAdd\t+\t+\tIn Gleam both values must be ints', 'When calling a function, arguments can be passed\n\npositionally, in the same order of the function declaration\nby name, in any order\ndef replace(inside: str, each: str, with_string: str):\n    pass\n\n# equivalent calls\nreplace(\'hello world\', \'world\', \'you\')\nreplace(each=\'world\', inside=\'hello world\',  with_string=\'you\')\nGleam\nIn Gleam arguments can be given a label as well as an internal name. Contrary to Python, the name used at the call-site does not have to match the name used for the variable inside the function.\n\npub fn replace(inside string, each pattern, with replacement) {\n  go(string, pattern, replacement)\n}\nreplace(each: "","", with: "" "", inside: ""A,B,C"")\nThere is no performance cost to Gleam’s labelled arguments as they are optimised to regular function calls at compile time, and all the arguments are fully type checked.', '# can now be used to annotate a variable\nheaders: Headers = [(""Content-Type"", ""application/json"")]\nGleam\nThe type keyword can be used to create aliases:\n\npub type Headers =\n  List(#(String, String))\n\nlet headers: Headers = [#(""Content-Type"", ""application/json"")]\nCustom types\nRecords\nCustom type allows you to define a collection data type with a fixed number of named fields, and the values in those fields can be of differing types.\n\nPython\nPython uses classes to define user-defined, record-like types. Properties are defined as class members and initial values are generally set in the constructor.\n\nBy default the constructor does not provide base initializers in the constructor so some boilerplate is needed:\n\nclass Person:\n    name: str\n    age: int\n\n    def __init__(name: str, age: int) -> None:\n        self.name = name\n        self.age = age', 'let list = [2, 3, 4]\nlet list = [1, ..list]\nlet [1, second_element, ..] = list\n[1.0, ..list] // compile error, type mismatch\nDictionaries\nIn Python, dictionaries can have keys of any type as long as:\n\nthe key type is hashable, such as integers, strings, tuples (due to their immutable values), functions… and custom mutable objects implementing the __hash__ method.\nthe key is unique in the dictionary. and values of any type.\nIn Gleam, dicts can have keys and values of any type, but all keys must be of the same type in a given dict and all values must be of the same type in a given dict.\n\nThere is no dict literal syntax in Gleam, and you cannot pattern match on a dict. Dicts are generally not used much in Gleam, custom types are more common.\n\nPython\n{""key1"": ""value1"", ""key2"": ""value2""}\n{""key1"":  ""1"", ""key2"": 2}\nGleam\nimport gleam/dict', '// inside module src/nasa/moon_base.gleam\n// imports module src/nasa/rocket_ship.gleam\nimport nasa/rocket_ship\n\npub fn explore_space() {\n  rocket_ship.launch()\n}\nNamed imports\nPython\nimport unix.cat as kitty\nGleam\nimport unix/cat as kitty\nUnqualified imports\nPython\nfrom animal.cat import Cat, stroke\n\ndef main():\n    kitty = Cat(name=""Nubi"")\n    stroke(kitty)\nGleam\nimport animal/cat.{Cat, stroke}\n\npub fn main() {\n  let kitty = Cat(name: ""Nubi"")\n  stroke(kitty)\n}']",I don't know. The provided context does not mention sets in Python or Gleam.,I don't know.,0.0,,0.0,0.0,1.0,0.10004664001982189,
